CREATE DATABASE  IF NOT EXISTS `BD_CLINICA` /*!40100 DEFAULT CHARACTER SET utf8 */;
USE `BD_CLINICA`;
-- MySQL dump 10.13  Distrib 8.0.16, for macos10.14 (x86_64)
--
-- Host: 127.0.0.1    Database: BD_CLINICA
-- ------------------------------------------------------
-- Server version	5.7.26

/*!40101 SET @OLD_CHARACTER_SET_CLIENT=@@CHARACTER_SET_CLIENT */;
/*!40101 SET @OLD_CHARACTER_SET_RESULTS=@@CHARACTER_SET_RESULTS */;
/*!40101 SET @OLD_COLLATION_CONNECTION=@@COLLATION_CONNECTION */;
 SET NAMES utf8 ;
/*!40103 SET @OLD_TIME_ZONE=@@TIME_ZONE */;
/*!40103 SET TIME_ZONE='+00:00' */;
/*!40014 SET @OLD_UNIQUE_CHECKS=@@UNIQUE_CHECKS, UNIQUE_CHECKS=0 */;
/*!40014 SET @OLD_FOREIGN_KEY_CHECKS=@@FOREIGN_KEY_CHECKS, FOREIGN_KEY_CHECKS=0 */;
/*!40101 SET @OLD_SQL_MODE=@@SQL_MODE, SQL_MODE='NO_AUTO_VALUE_ON_ZERO' */;
/*!40111 SET @OLD_SQL_NOTES=@@SQL_NOTES, SQL_NOTES=0 */;

--
-- Table structure for table `CONSULTA`
--

DROP TABLE IF EXISTS `CONSULTA`;
/*!40101 SET @saved_cs_client     = @@character_set_client */;
 SET character_set_client = utf8mb4 ;
CREATE TABLE `CONSULTA` (
  `PKCONSULTA` int(11) NOT NULL AUTO_INCREMENT,
  `DataConsulta` datetime DEFAULT NULL,
  `ValorConsulta` double(10,2) DEFAULT NULL,
  `ParecerConsulta` varchar(45) DEFAULT NULL,
  `FKPKPACIENTE` int(11) NOT NULL,
  `FKFKMEDICO` int(11) NOT NULL,
  `FKFKESPECIALIDADE` int(11) NOT NULL,
  PRIMARY KEY (`PKCONSULTA`),
  KEY `FKPACIENTE_idx` (`FKPKPACIENTE`),
  KEY `FKMEDICO_ESPECIALIDADE1_idx` (`FKFKMEDICO`,`FKFKESPECIALIDADE`),
  CONSTRAINT `FKMEDICO_ESPECIALIDADE1` FOREIGN KEY (`FKFKMEDICO`, `FKFKESPECIALIDADE`) REFERENCES `MEDICO_ESPECIALIDADE` (`FKMEDICO`, `FKESPECIALIDADE`) ON DELETE NO ACTION ON UPDATE NO ACTION,
  CONSTRAINT `FKPACIENTE` FOREIGN KEY (`FKPKPACIENTE`) REFERENCES `PACIENTE` (`PKPACIENTE`) ON DELETE NO ACTION ON UPDATE NO ACTION
) ENGINE=InnoDB AUTO_INCREMENT=5 DEFAULT CHARSET=utf8;
/*!40101 SET character_set_client = @saved_cs_client */;

--
-- Dumping data for table `CONSULTA`
--

LOCK TABLES `CONSULTA` WRITE;
/*!40000 ALTER TABLE `CONSULTA` DISABLE KEYS */;
INSERT INTO `CONSULTA` VALUES (1,'2021-03-10 08:00:00',150.00,NULL,3,1,1),(2,'2021-03-15 14:00:00',250.00,NULL,1,3,3),(3,'2021-03-21 13:30:00',150.00,NULL,2,3,1),(4,'2021-04-02 08:00:00',250.00,NULL,3,3,2);
/*!40000 ALTER TABLE `CONSULTA` ENABLE KEYS */;
UNLOCK TABLES;

--
-- Table structure for table `ESPECIALIDADE`
--

DROP TABLE IF EXISTS `ESPECIALIDADE`;
/*!40101 SET @saved_cs_client     = @@character_set_client */;
 SET character_set_client = utf8mb4 ;
CREATE TABLE `ESPECIALIDADE` (
  `PKESPECIALIDADE` int(11) NOT NULL AUTO_INCREMENT,
  `NomeEspecialidade` varchar(45) DEFAULT NULL,
  PRIMARY KEY (`PKESPECIALIDADE`)
) ENGINE=InnoDB AUTO_INCREMENT=5 DEFAULT CHARSET=utf8;
/*!40101 SET character_set_client = @saved_cs_client */;

--
-- Dumping data for table `ESPECIALIDADE`
--

LOCK TABLES `ESPECIALIDADE` WRITE;
/*!40000 ALTER TABLE `ESPECIALIDADE` DISABLE KEYS */;
INSERT INTO `ESPECIALIDADE` VALUES (1,'Clinico Geral'),(2,'Cardiologia'),(3,'Ortopedia'),(4,'Pediatria');
/*!40000 ALTER TABLE `ESPECIALIDADE` ENABLE KEYS */;
UNLOCK TABLES;

--
-- Table structure for table `MEDICO`
--

DROP TABLE IF EXISTS `MEDICO`;
/*!40101 SET @saved_cs_client     = @@character_set_client */;
 SET character_set_client = utf8mb4 ;
CREATE TABLE `MEDICO` (
  `PKMEDICO` int(11) NOT NULL AUTO_INCREMENT,
  `NomeMedico` varchar(45) DEFAULT NULL,
  PRIMARY KEY (`PKMEDICO`)
) ENGINE=InnoDB AUTO_INCREMENT=4 DEFAULT CHARSET=utf8;
/*!40101 SET character_set_client = @saved_cs_client */;

--
-- Dumping data for table `MEDICO`
--

LOCK TABLES `MEDICO` WRITE;
/*!40000 ALTER TABLE `MEDICO` DISABLE KEYS */;
INSERT INTO `MEDICO` VALUES (1,'João César'),(2,'Carla'),(3,'Paulo Renato');
/*!40000 ALTER TABLE `MEDICO` ENABLE KEYS */;
UNLOCK TABLES;

--
-- Table structure for table `MEDICO_ESPECIALIDADE`
--

DROP TABLE IF EXISTS `MEDICO_ESPECIALIDADE`;
/*!40101 SET @saved_cs_client     = @@character_set_client */;
 SET character_set_client = utf8mb4 ;
CREATE TABLE `MEDICO_ESPECIALIDADE` (
  `FKMEDICO` int(11) NOT NULL,
  `FKESPECIALIDADE` int(11) NOT NULL,
  PRIMARY KEY (`FKMEDICO`,`FKESPECIALIDADE`),
  KEY `FKESPECIALIDADE1_idx` (`FKESPECIALIDADE`),
  KEY `FKMEDICO1_idx` (`FKMEDICO`),
  CONSTRAINT `FKESPECIALIDADE1` FOREIGN KEY (`FKESPECIALIDADE`) REFERENCES `ESPECIALIDADE` (`PKESPECIALIDADE`) ON DELETE NO ACTION ON UPDATE NO ACTION,
  CONSTRAINT `FKMEDICO1` FOREIGN KEY (`FKMEDICO`) REFERENCES `MEDICO` (`PKMEDICO`) ON DELETE NO ACTION ON UPDATE NO ACTION
) ENGINE=InnoDB DEFAULT CHARSET=utf8;
/*!40101 SET character_set_client = @saved_cs_client */;

--
-- Dumping data for table `MEDICO_ESPECIALIDADE`
--

LOCK TABLES `MEDICO_ESPECIALIDADE` WRITE;
/*!40000 ALTER TABLE `MEDICO_ESPECIALIDADE` DISABLE KEYS */;
INSERT INTO `MEDICO_ESPECIALIDADE` VALUES (1,1),(2,1),(3,1),(3,2),(3,3),(1,4);
/*!40000 ALTER TABLE `MEDICO_ESPECIALIDADE` ENABLE KEYS */;
UNLOCK TABLES;

--
-- Table structure for table `PACIENTE`
--

DROP TABLE IF EXISTS `PACIENTE`;
/*!40101 SET @saved_cs_client     = @@character_set_client */;
 SET character_set_client = utf8mb4 ;
CREATE TABLE `PACIENTE` (
  `PKPACIENTE` int(11) NOT NULL AUTO_INCREMENT,
  `NomePaciente` varchar(45) DEFAULT NULL,
  PRIMARY KEY (`PKPACIENTE`)
) ENGINE=InnoDB AUTO_INCREMENT=6 DEFAULT CHARSET=utf8;
/*!40101 SET character_set_client = @saved_cs_client */;

--
-- Dumping data for table `PACIENTE`
--

LOCK TABLES `PACIENTE` WRITE;
/*!40000 ALTER TABLE `PACIENTE` DISABLE KEYS */;
INSERT INTO `PACIENTE` VALUES (1,'Antônio Carlos'),(2,'Celso'),(3,'Maria'),(4,'Ana Paula'),(5,'José');
/*!40000 ALTER TABLE `PACIENTE` ENABLE KEYS */;
UNLOCK TABLES;

--
-- Dumping events for database 'BD_CLINICA'
--

--
-- Dumping routines for database 'BD_CLINICA'
--
/*!40103 SET TIME_ZONE=@OLD_TIME_ZONE */;

/*!40101 SET SQL_MODE=@OLD_SQL_MODE */;
/*!40014 SET FOREIGN_KEY_CHECKS=@OLD_FOREIGN_KEY_CHECKS */;
/*!40014 SET UNIQUE_CHECKS=@OLD_UNIQUE_CHECKS */;
/*!40101 SET CHARACTER_SET_CLIENT=@OLD_CHARACTER_SET_CLIENT */;
/*!40101 SET CHARACTER_SET_RESULTS=@OLD_CHARACTER_SET_RESULTS */;
/*!40101 SET COLLATION_CONNECTION=@OLD_COLLATION_CONNECTION */;
/*!40111 SET SQL_NOTES=@OLD_SQL_NOTES */;

-- Dump completed on 2021-08-03  9:45:48
